CookerStat, GenerateAssetRegistry=0.026204, Initialize=0.147574, RunGuid=RunIDE245E2D5412849D2DAB2D091690BE97E
DDCTransactionId96B9B7E34459C8CB3722F08EBDF1AF34_0, BuildTexture=, CacheKey=TEXTURE_814DCC3DC72143F49509781513CB9855_BC5_0DABF3BE4A6A8F625DFAFDAD977CA77A_07_0000803F0000803F0000803F000000000000803F00000000000000000000803F00000000000000000200000001000000000000000100000000040000803FFFFFFFFF00000000FF00FF00FFFF8180803B, StartTime=2016.04.04-19.00.50, Duration=411.138672, RunGuid=RunIDE245E2D5412849D2DAB2D091690BE97E
DDCTransactionIdEA5C9A7D403B5777DB397D9654E1111A_0, PutCachedData=, CacheKey=TEXTURE_814DCC3DC72143F49509781513CB9855_BC5_0DABF3BE4A6A8F625DFAFDAD977CA77A___668E0A9304D7DCE3BCD8EA51EE746D81F1236681, StartTime=2016.04.04-19.00.50, HierarchicalDDC=, DataSize=4194565, Duration=9.308725, RunGuid=RunIDE245E2D5412849D2DAB2D091690BE97E
DDCTransactionIdCADFAE574D9E25087B0F7B92CAB7B108_0, PutCachedData=, CacheKey=TEXTURE_814DCC3DC72143F49509781513CB9855_BC5_0DABF3BE4A6A8F625DFAFDAD977CA77A___47F9858ECB7B24E496217985BE45708EE7A1D51E, StartTime=2016.04.04-19.00.50, HierarchicalDDC=, DataSize=1048837, Duration=4.252292, RunGuid=RunIDE245E2D5412849D2DAB2D091690BE97E
DDCTransactionId23579E7D466AA725053A848E48691ABE_0, PutCachedData=, CacheKey=TEXTURE_814DCC3DC72143F49509781513CB9855_BC5_0DABF3BE4A6A8F625DFAFDAD977CA77A___0B8CB7F6E76602F8723E32D90A9FD1E79713D24D, StartTime=2016.04.04-19.00.50, HierarchicalDDC=, DataSize=262403, Duration=2.874721, RunGuid=RunIDE245E2D5412849D2DAB2D091690BE97E
DDCTransactionId23579E7D466AA725053A848E48691ABE_1, PutCachedData=, CacheKey=TEXTURE_814DCC3DC72143F49509781513CB9855_BC5_0DABF3BE4A6A8F625DFAFDAD977CA77A___A5FAD70A3B307936EFFCF23930704256F7E25A2F, StartTime=2016.04.04-19.00.50, HierarchicalDDC=, DataSize=65795, Duration=1.649234, RunGuid=RunIDE245E2D5412849D2DAB2D091690BE97E
DDCTransactionIdCADFAE574D9E25087B0F7B92CAB7B108_1, PutCachedData=, CacheKey=TEXTURE_814DCC3DC72143F49509781513CB9855_BC5_0DABF3BE4A6A8F625DFAFDAD977CA77A___CC0DB5C49F2BA771BFDE3E22FCBEF007087628AE, StartTime=2016.04.04-19.00.50, HierarchicalDDC=, DataSize=16643, Duration=0.997495, RunGuid=RunIDE245E2D5412849D2DAB2D091690BE97E
DDCTransactionId23579E7D466AA725053A848E48691ABE_2, PutCachedData=, CacheKey=TEXTURE_814DCC3DC72143F49509781513CB9855_BC5_0DABF3BE4A6A8F625DFAFDAD977CA77A___3E9FB6A43D6FCDECB38330BE3784CAD88281BA18, StartTime=2016.04.04-19.00.50, HierarchicalDDC=, DataSize=7468, Duration=1.167957, RunGuid=RunIDE245E2D5412849D2DAB2D091690BE97E
DDCTransactionIdCADFAE574D9E25087B0F7B92CAB7B108_2, PutCachedData=, CacheKey=PhysX_1D9C17C451EA4FB88CB7A27536A65DB0_PhysXPC_CD88EDB4401673B0D55E949892B1692E__1_0_13123_0, StartTime=2016.04.04-19.00.50, HierarchicalDDC=, DataSize=5759, Duration=4.472755, RunGuid=RunIDE245E2D5412849D2DAB2D091690BE97E
DDCTransactionIdEA5C9A7D403B5777DB397D9654E1111A_1, PutCachedData=, CacheKey=PhysX_1D9C17C451EA4FB88CB7A27536A65DB0_PhysXPC_562DCCBA45BFCE4CF9EB3EB3439E557A__1_0_13123_0, StartTime=2016.04.04-19.00.50, HierarchicalDDC=, DataSize=5424, Duration=4.643522, RunGuid=RunIDE245E2D5412849D2DAB2D091690BE97E
DDCTransactionId23579E7D466AA725053A848E48691ABE_3, PutCachedData=, CacheKey=PhysX_1D9C17C451EA4FB88CB7A27536A65DB0_PhysXPC_D856568F4DBF8260E17FF88A88DE6F92__1_0_13123_0, StartTime=2016.04.04-19.00.50, HierarchicalDDC=, DataSize=409, Duration=3.900822, RunGuid=RunIDE245E2D5412849D2DAB2D091690BE97E
DDCTransactionIdCADFAE574D9E25087B0F7B92CAB7B108_3, PutCachedData=, CacheKey=PhysX_1D9C17C451EA4FB88CB7A27536A65DB0_PhysXPC_C48F352845BF1E1446FC98829CA02DF1__1_0_13123_0, StartTime=2016.04.04-19.00.50, HierarchicalDDC=, DataSize=6517, Duration=4.129414, RunGuid=RunIDE245E2D5412849D2DAB2D091690BE97E
DDCTransactionIdEA5C9A7D403B5777DB397D9654E1111A_2, PutCachedData=, CacheKey=PhysX_1D9C17C451EA4FB88CB7A27536A65DB0_PhysXPC_84B4DBBD4BDAB833816BC989FF6C42D3__1_0_13123_0, StartTime=2016.04.04-19.00.50, HierarchicalDDC=, DataSize=2338, Duration=4.796516, RunGuid=RunIDE245E2D5412849D2DAB2D091690BE97E
DDCTransactionId23579E7D466AA725053A848E48691ABE_4, PutCachedData=, CacheKey=PhysX_1D9C17C451EA4FB88CB7A27536A65DB0_PhysXPC_ED9DF54B4C8F486D3B4AAAA206ECE9F2__1_0_13123_0, StartTime=2016.04.04-19.00.50, HierarchicalDDC=, DataSize=447, Duration=4.344456, RunGuid=RunIDE245E2D5412849D2DAB2D091690BE97E
DDCTransactionId96B9B7E34459C8CB3722F08EBDF1AF34_1, BuildTexture=, CacheKey=TEXTURE_814DCC3DC72143F49509781513CB9855_AutoDXT_208240ED4E2CC55582738EA4A2A4D0FE_07_0000803F0000803F0000803F000000000000803F00000000000000000000803F0000000000000000020000000E000000000000000101000000040000803FFFFFFFFF00000000FF00FF00FFFF8180803B, StartTime=2016.04.04-19.00.50, Duration=63.135990, RunGuid=RunIDE245E2D5412849D2DAB2D091690BE97E
DDCTransactionIdCADFAE574D9E25087B0F7B92CAB7B108_4, PutCachedData=, CacheKey=TEXTURE_814DCC3DC72143F49509781513CB9855_AutoDXT_208240ED4E2CC55582738EA4A2A4D__3A9F2751A3FA0022DBB4DA37784D908670437F11, StartTime=2016.04.04-19.00.50, HierarchicalDDC=, DataSize=1048841, Duration=3.102105, RunGuid=RunIDE245E2D5412849D2DAB2D091690BE97E
DDCTransactionIdEA5C9A7D403B5777DB397D9654E1111A_3, PutCachedData=, CacheKey=TEXTURE_814DCC3DC72143F49509781513CB9855_AutoDXT_208240ED4E2CC55582738EA4A2A4D__0CB2F313B13855C27A8528F781CE0BF6CD3738D9, StartTime=2016.04.04-19.00.50, HierarchicalDDC=, DataSize=262407, Duration=2.435904, RunGuid=RunIDE245E2D5412849D2DAB2D091690BE97E
DDCTransactionId23579E7D466AA725053A848E48691ABE_5, PutCachedData=, CacheKey=TEXTURE_814DCC3DC72143F49509781513CB9855_AutoDXT_208240ED4E2CC55582738EA4A2A4D__6D5091AE8763AF177E4E881CA75D8C8A7D0B7ECD, StartTime=2016.04.04-19.00.50, HierarchicalDDC=, DataSize=65799, Duration=1.755551, RunGuid=RunIDE245E2D5412849D2DAB2D091690BE97E
DDCTransactionId96B9B7E34459C8CB3722F08EBDF1AF34_2, BuildTexture=, CacheKey=TEXTURE_814DCC3DC72143F49509781513CB9855_AutoDXT_F8B6D8E4430F704F512A6A850548438E_07_0000803F0000803F0000803F000000000000803F00000000000000000000803F0000000000000000020000000E000000000000000101000000040000803FFFFFFFFF00000000FF00FF00FFFF8180803B, StartTime=2016.04.04-19.00.50, Duration=6.131027, RunGuid=RunIDE245E2D5412849D2DAB2D091690BE97E
DDCTransactionId23579E7D466AA725053A848E48691ABE_6, PutCachedData=, CacheKey=TEXTURE_814DCC3DC72143F49509781513CB9855_AutoDXT_208240ED4E2CC55582738EA4A2A4D__62397DEE3CE24C641E36EDC167D9429F6D788975, StartTime=2016.04.04-19.00.50, HierarchicalDDC=, DataSize=16647, Duration=1.716401, RunGuid=RunIDE245E2D5412849D2DAB2D091690BE97E
DDCTransactionIdEA5C9A7D403B5777DB397D9654E1111A_4, PutCachedData=, CacheKey=TEXTURE_814DCC3DC72143F49509781513CB9855_AutoDXT_208240ED4E2CC55582738EA4A2A4D__C892636D6E2B75C267B04B000B6AFEED0347FE08, StartTime=2016.04.04-19.00.50, HierarchicalDDC=, DataSize=7196, Duration=1.462206, RunGuid=RunIDE245E2D5412849D2DAB2D091690BE97E
DDCTransactionIdCADFAE574D9E25087B0F7B92CAB7B108_5, PutCachedData=, CacheKey=TEXTURE_814DCC3DC72143F49509781513CB9855_AutoDXT_F8B6D8E4430F704F512A6A8505484__B9144F54D255CE2F7A0CC18EB968874D6444B635, StartTime=2016.04.04-19.00.50, HierarchicalDDC=, DataSize=6014, Duration=1.329087, RunGuid=RunIDE245E2D5412849D2DAB2D091690BE97E
DDCTransactionId96B9B7E34459C8CB3722F08EBDF1AF34_3, BuildTexture=, CacheKey=TEXTURE_814DCC3DC72143F49509781513CB9855_DXT1_32CF3CBB46A89BEC0515EBB23D250D6C_07_0000803F0000803F0000803F000000000000803F00000000000000000000803F0000000000000000020000000E000000000000000101000000040000803FFFFFFFFF00000000FF00FF00FFFF8180803B, StartTime=2016.04.04-19.00.50, Duration=38.085728, RunGuid=RunIDE245E2D5412849D2DAB2D091690BE97E
DDCTransactionId23579E7D466AA725053A848E48691ABE_7, PutCachedData=, CacheKey=TEXTURE_814DCC3DC72143F49509781513CB9855_DXT1_32CF3CBB46A89BEC0515EBB23D250D6C__6E9D86700D04F0B395D5E43D57D76406C1BB0C0F, StartTime=2016.04.04-19.00.50, HierarchicalDDC=, DataSize=524550, Duration=2.647333, RunGuid=RunIDE245E2D5412849D2DAB2D091690BE97E
DDCTransactionIdEA5C9A7D403B5777DB397D9654E1111A_5, PutCachedData=, CacheKey=TEXTURE_814DCC3DC72143F49509781513CB9855_DXT1_32CF3CBB46A89BEC0515EBB23D250D6C__1339EBE725820FE898D354D61327DBC98ECB42DD, StartTime=2016.04.04-19.00.50, HierarchicalDDC=, DataSize=131332, Duration=2.110638, RunGuid=RunIDE245E2D5412849D2DAB2D091690BE97E
DDCTransactionIdCADFAE574D9E25087B0F7B92CAB7B108_6, PutCachedData=, CacheKey=TEXTURE_814DCC3DC72143F49509781513CB9855_DXT1_32CF3CBB46A89BEC0515EBB23D250D6C__C43BAD925949ACC7EACD179AB66BEE97D86403F5, StartTime=2016.04.04-19.00.50, HierarchicalDDC=, DataSize=33028, Duration=1.962155, RunGuid=RunIDE245E2D5412849D2DAB2D091690BE97E
DDCTransactionId96B9B7E34459C8CB3722F08EBDF1AF34_4, BuildTexture=, CacheKey=TEXTURE_814DCC3DC72143F49509781513CB9855_DXT1_7DF7D7F1498BB2F10C6CB19860FFE586_07_0000803F0000803F0000803F000000000000803F00000000000000000000803F0000000000000000020000000E000000000000000101000000040000803FFFFFFFFF00000000FF00FF00FFFF8180803B, StartTime=2016.04.04-19.00.50, Duration=4.091166, RunGuid=RunIDE245E2D5412849D2DAB2D091690BE97E
DDCTransactionIdCADFAE574D9E25087B0F7B92CAB7B108_7, PutCachedData=, CacheKey=TEXTURE_814DCC3DC72143F49509781513CB9855_DXT1_32CF3CBB46A89BEC0515EBB23D250D6C__46850DE5A6D0981A50A5A02F541E89B16647437A, StartTime=2016.04.04-19.00.50, HierarchicalDDC=, DataSize=8452, Duration=1.354087, RunGuid=RunIDE245E2D5412849D2DAB2D091690BE97E
DDCTransactionIdEA5C9A7D403B5777DB397D9654E1111A_6, PutCachedData=, CacheKey=TEXTURE_814DCC3DC72143F49509781513CB9855_DXT1_32CF3CBB46A89BEC0515EBB23D250D6C__446E63AC5392A1CC64EC6221192E153AA8AB44B1, StartTime=2016.04.04-19.00.50, HierarchicalDDC=, DataSize=4437, Duration=1.059838, RunGuid=RunIDE245E2D5412849D2DAB2D091690BE97E
DDCTransactionId23579E7D466AA725053A848E48691ABE_8, PutCachedData=, CacheKey=TEXTURE_814DCC3DC72143F49509781513CB9855_DXT1_7DF7D7F1498BB2F10C6CB19860FFE586__A03144F63B47CD70DB261A6F1531862819AA696D, StartTime=2016.04.04-19.00.50, HierarchicalDDC=, DataSize=3267, Duration=0.946295, RunGuid=RunIDE245E2D5412849D2DAB2D091690BE97E
DDCTransactionId96B9B7E34459C8CB3722F08EBDF1AF34_5, BuildTexture=, CacheKey=TEXTURE_814DCC3DC72143F49509781513CB9855_BGRA8_C66D9AAF4C0B97BF1A9712BEEBEA0E08_07_0000803F0000803F0000803F000000000000803F00000000000000000000803F0000000000000000020000000E000000000000000101000000040000803FFFFFFFFF00000000FF00FF00FFFF8180803B, StartTime=2016.04.04-19.00.50, Duration=26.265503, RunGuid=RunIDE245E2D5412849D2DAB2D091690BE97E
DDCTransactionIdEA5C9A7D403B5777DB397D9654E1111A_7, PutCachedData=, CacheKey=TEXTURE_814DCC3DC72143F49509781513CB9855_BGRA8_C66D9AAF4C0B97BF1A9712BEEBEA0E0__B94A624BA66652A64068513D87DAF7AE846634A7, StartTime=2016.04.04-19.00.50, HierarchicalDDC=, DataSize=2097414, Duration=5.539816, RunGuid=RunIDE245E2D5412849D2DAB2D091690BE97E
DDCTransactionIdCADFAE574D9E25087B0F7B92CAB7B108_8, PutCachedData=, CacheKey=TEXTURE_814DCC3DC72143F49509781513CB9855_BGRA8_C66D9AAF4C0B97BF1A9712BEEBEA0E0__218CA512D409C7FA8BC800C572F41F03A0E3C139, StartTime=2016.04.04-19.00.50, HierarchicalDDC=, DataSize=524549, Duration=2.466924, RunGuid=RunIDE245E2D5412849D2DAB2D091690BE97E
DDCTransactionId23579E7D466AA725053A848E48691ABE_9, PutCachedData=, CacheKey=TEXTURE_814DCC3DC72143F49509781513CB9855_BGRA8_C66D9AAF4C0B97BF1A9712BEEBEA0E0__E0021FE3B9EE8771FA11D52C6C2BBB8BAE32518F, StartTime=2016.04.04-19.00.50, HierarchicalDDC=, DataSize=131333, Duration=2.172981, RunGuid=RunIDE245E2D5412849D2DAB2D091690BE97E
DDCTransactionId96B9B7E34459C8CB3722F08EBDF1AF34_6, BuildTexture=, CacheKey=TEXTURE_814DCC3DC72143F49509781513CB9855_BGRA8_4DF9D6894E95C4A38D5FF7924CB0A9E4_07_0000803F0000803F0000803F000000000000803F00000000000000000000803F0000000000000000020000000E000000000000000101000000040000803FFFFFFFFF00000000FF00FF00FFFF8180803B, StartTime=2016.04.04-19.00.50, Duration=0.155106, RunGuid=RunIDE245E2D5412849D2DAB2D091690BE97E
DDCTransactionId23579E7D466AA725053A848E48691ABE_10, PutCachedData=, CacheKey=TEXTURE_814DCC3DC72143F49509781513CB9855_BGRA8_C66D9AAF4C0B97BF1A9712BEEBEA0E0__7C4E2DE07023E9CDC77882F113B72B1BD03F57FE, StartTime=2016.04.04-19.00.50, HierarchicalDDC=, DataSize=33028, Duration=1.807656, RunGuid=RunIDE245E2D5412849D2DAB2D091690BE97E
DDCTransactionIdCADFAE574D9E25087B0F7B92CAB7B108_9, PutCachedData=, CacheKey=TEXTURE_814DCC3DC72143F49509781513CB9855_BGRA8_C66D9AAF4C0B97BF1A9712BEEBEA0E0__FD07DA3F90CC2F62E69EFA2FB6ADBFFB71AFDB9A, StartTime=2016.04.04-19.00.50, HierarchicalDDC=, DataSize=12624, Duration=1.219157, RunGuid=RunIDE245E2D5412849D2DAB2D091690BE97E
DDCTransactionIdCADFAE574D9E25087B0F7B92CAB7B108_10, PutCachedData=, CacheKey=TEXTURE_814DCC3DC72143F49509781513CB9855_BGRA8_4DF9D6894E95C4A38D5FF7924CB0A9E__0B3BB56A5397E80C1F514B5462B432F7D62A1EED, StartTime=2016.04.04-19.00.50, HierarchicalDDC=, DataSize=11452, Duration=1.249272, RunGuid=RunIDE245E2D5412849D2DAB2D091690BE97E
DDCTransactionId96B9B7E34459C8CB3722F08EBDF1AF34_7, BuildTexture=, CacheKey=TEXTURE_814DCC3DC72143F49509781513CB9855_AutoDXT_175FFFF34B3800668E3E95AD8254F9FF_07_0000803F0000803F0000803F000000000000803F00000000000000000000803F00000000000000000200000001000000000000000101000000040000803FFFFFFFFF00000000FF00FF00FFFF8180803B, StartTime=2016.04.04-19.00.50, Duration=79.827423, RunGuid=RunIDE245E2D5412849D2DAB2D091690BE97E
DDCTransactionId23579E7D466AA725053A848E48691ABE_11, PutCachedData=, CacheKey=TEXTURE_814DCC3DC72143F49509781513CB9855_AutoDXT_175FFFF34B3800668E3E95AD8254F__07A88AF74FC1E73AB09610F8C968130817CECAC3, StartTime=2016.04.04-19.00.51, HierarchicalDDC=, DataSize=524553, Duration=2.422355, RunGuid=RunIDE245E2D5412849D2DAB2D091690BE97E
DDCTransactionIdEA5C9A7D403B5777DB397D9654E1111A_8, PutCachedData=, CacheKey=TEXTURE_814DCC3DC72143F49509781513CB9855_AutoDXT_175FFFF34B3800668E3E95AD8254F__36D14B777ED17E3D5FC75B48AED96537AE53896D, StartTime=2016.04.04-19.00.51, HierarchicalDDC=, DataSize=131335, Duration=2.219059, RunGuid=RunIDE245E2D5412849D2DAB2D091690BE97E
DDCTransactionIdCADFAE574D9E25087B0F7B92CAB7B108_11, PutCachedData=, CacheKey=TEXTURE_814DCC3DC72143F49509781513CB9855_AutoDXT_175FFFF34B3800668E3E95AD8254F__60DD8B40791EDDF0CEA9C6EA24FB368B50CCE7B2, StartTime=2016.04.04-19.00.51, HierarchicalDDC=, DataSize=33031, Duration=1.947701, RunGuid=RunIDE245E2D5412849D2DAB2D091690BE97E
DDCTransactionIdCADFAE574D9E25087B0F7B92CAB7B108_12, PutCachedData=, CacheKey=TEXTURE_814DCC3DC72143F49509781513CB9855_AutoDXT_175FFFF34B3800668E3E95AD8254F__54360FB6FDE14A1E68B0C73A350C5AF456C27A04, StartTime=2016.04.04-19.00.51, HierarchicalDDC=, DataSize=8455, Duration=1.667909, RunGuid=RunIDE245E2D5412849D2DAB2D091690BE97E
DDCTransactionId23579E7D466AA725053A848E48691ABE_12, PutCachedData=, CacheKey=TEXTURE_814DCC3DC72143F49509781513CB9855_AutoDXT_175FFFF34B3800668E3E95AD8254F__93E5E5D4F615EF636436CEFD35B5A384CC018943, StartTime=2016.04.04-19.00.51, HierarchicalDDC=, DataSize=4452, Duration=1.201388, RunGuid=RunIDE245E2D5412849D2DAB2D091690BE97E
DDCTransactionId96B9B7E34459C8CB3722F08EBDF1AF34_8, BuildTexture=, CacheKey=TEXTURE_814DCC3DC72143F49509781513CB9855_BC5_550B17DD4E4B41095ADB0B9395D1461E_07_0000803F0000803F0000803F000000000000803F00000000000000000000803F00000000000000000200000001000000000000000100000000040000803FFFFFFFFF00000000FF00FF00FFFF8180803B, StartTime=2016.04.04-19.00.51, Duration=342.685120, RunGuid=RunIDE245E2D5412849D2DAB2D091690BE97E
DDCTransactionIdEA5C9A7D403B5777DB397D9654E1111A_9, PutCachedData=, CacheKey=TEXTURE_814DCC3DC72143F49509781513CB9855_BC5_550B17DD4E4B41095ADB0B9395D1461E___28D98B9BACB0D754935FE389E58534CB52AB6BFA, StartTime=2016.04.04-19.00.51, HierarchicalDDC=, DataSize=4194565, Duration=10.132440, RunGuid=RunIDE245E2D5412849D2DAB2D091690BE97E
DDCTransactionId23579E7D466AA725053A848E48691ABE_13, PutCachedData=, CacheKey=TEXTURE_814DCC3DC72143F49509781513CB9855_BC5_550B17DD4E4B41095ADB0B9395D1461E___9E48D523BD074D32C26379ECA6F407E7B68CFEF9, StartTime=2016.04.04-19.00.51, HierarchicalDDC=, DataSize=1048837, Duration=3.927931, RunGuid=RunIDE245E2D5412849D2DAB2D091690BE97E
DDCTransactionIdCADFAE574D9E25087B0F7B92CAB7B108_13, PutCachedData=, CacheKey=TEXTURE_814DCC3DC72143F49509781513CB9855_BC5_550B17DD4E4B41095ADB0B9395D1461E___E972E517DD60D95E1C46DFC4007337E93E155A8C, StartTime=2016.04.04-19.00.51, HierarchicalDDC=, DataSize=262403, Duration=2.927728, RunGuid=RunIDE245E2D5412849D2DAB2D091690BE97E
DDCTransactionIdCADFAE574D9E25087B0F7B92CAB7B108_14, PutCachedData=, CacheKey=TEXTURE_814DCC3DC72143F49509781513CB9855_BC5_550B17DD4E4B41095ADB0B9395D1461E___F6B3843AA2C3552BF9BB3A9EC0F3D6FD4CAACDF1, StartTime=2016.04.04-19.00.51, HierarchicalDDC=, DataSize=65795, Duration=2.129912, RunGuid=RunIDE245E2D5412849D2DAB2D091690BE97E
DDCTransactionId23579E7D466AA725053A848E48691ABE_14, PutCachedData=, CacheKey=TEXTURE_814DCC3DC72143F49509781513CB9855_BC5_550B17DD4E4B41095ADB0B9395D1461E___7C98BD541A8AEDBB90702D519DD62E0FECD22B3B, StartTime=2016.04.04-19.00.51, HierarchicalDDC=, DataSize=16643, Duration=1.446847, RunGuid=RunIDE245E2D5412849D2DAB2D091690BE97E
DDCTransactionIdCADFAE574D9E25087B0F7B92CAB7B108_15, PutCachedData=, CacheKey=TEXTURE_814DCC3DC72143F49509781513CB9855_BC5_550B17DD4E4B41095ADB0B9395D1461E___6773721C977F58677E206A77EB5EB90606B07256, StartTime=2016.04.04-19.00.51, HierarchicalDDC=, DataSize=7468, Duration=1.284510, RunGuid=RunIDE245E2D5412849D2DAB2D091690BE97E
DDCTransactionId96B9B7E34459C8CB3722F08EBDF1AF34_9, BuildTexture=, CacheKey=TEXTURE_814DCC3DC72143F49509781513CB9855_BC5_7F4970AF407237B338721894AC7C55A6_07_0000803F0000803F0000803F000000000000803F00000000000000000000803F00000000000000000200000001000000000000000100000000040000803FFFFFFFFF00000000FF00FF00FFFF8180803B, StartTime=2016.04.04-19.00.52, Duration=335.338257, RunGuid=RunIDE245E2D5412849D2DAB2D091690BE97E
DDCTransactionId23579E7D466AA725053A848E48691ABE_15, PutCachedData=, CacheKey=TEXTURE_814DCC3DC72143F49509781513CB9855_BC5_7F4970AF407237B338721894AC7C55A6___AD36A6067FB8A01F31F3AF4C8946399C517CF391, StartTime=2016.04.04-19.00.52, HierarchicalDDC=, DataSize=4194565, Duration=8.319669, RunGuid=RunIDE245E2D5412849D2DAB2D091690BE97E
DDCTransactionIdCADFAE574D9E25087B0F7B92CAB7B108_16, PutCachedData=, CacheKey=TEXTURE_814DCC3DC72143F49509781513CB9855_BC5_7F4970AF407237B338721894AC7C55A6___4860EF7BC752CBE02CCB2705BF8CB48A698E4BD9, StartTime=2016.04.04-19.00.52, HierarchicalDDC=, DataSize=1048837, Duration=5.447659, RunGuid=RunIDE245E2D5412849D2DAB2D091690BE97E
DDCTransactionIdEA5C9A7D403B5777DB397D9654E1111A_10, PutCachedData=, CacheKey=TEXTURE_814DCC3DC72143F49509781513CB9855_BC5_7F4970AF407237B338721894AC7C55A6___5A0BB6E1D372F839D324E10225DE8469984B21FA, StartTime=2016.04.04-19.00.52, HierarchicalDDC=, DataSize=262403, Duration=4.989270, RunGuid=RunIDE245E2D5412849D2DAB2D091690BE97E
DDCTransactionIdEA5C9A7D403B5777DB397D9654E1111A_11, PutCachedData=, CacheKey=TEXTURE_814DCC3DC72143F49509781513CB9855_BC5_7F4970AF407237B338721894AC7C55A6___4A2C3032BACEEE299B3642FEDA89B93B1EE78D43, StartTime=2016.04.04-19.00.52, HierarchicalDDC=, DataSize=65795, Duration=2.003722, RunGuid=RunIDE245E2D5412849D2DAB2D091690BE97E
DDCTransactionIdCADFAE574D9E25087B0F7B92CAB7B108_17, PutCachedData=, CacheKey=TEXTURE_814DCC3DC72143F49509781513CB9855_BC5_7F4970AF407237B338721894AC7C55A6___F3E2FBA30778DC84BB0F5ED8A50653CF9CD5C95F, StartTime=2016.04.04-19.00.52, HierarchicalDDC=, DataSize=16643, Duration=1.894090, RunGuid=RunIDE245E2D5412849D2DAB2D091690BE97E
DDCTransactionId23579E7D466AA725053A848E48691ABE_16, PutCachedData=, CacheKey=TEXTURE_814DCC3DC72143F49509781513CB9855_BC5_7F4970AF407237B338721894AC7C55A6___B8E76038B1FAF49B2983EFFD6E7B86CBF6237101, StartTime=2016.04.04-19.00.52, HierarchicalDDC=, DataSize=7468, Duration=1.155611, RunGuid=RunIDE245E2D5412849D2DAB2D091690BE97E
DDCTransactionId96B9B7E34459C8CB3722F08EBDF1AF34_10, BuildTexture=, CacheKey=TEXTURE_814DCC3DC72143F49509781513CB9855_AutoDXT_315FAD6D4390607D259D4CBB0214981B_07_0000803F0000803F0000803F000000000000803F00000000000000000000803F00000000000000000200000001000100000000000101000000040000803FFFFFFFFF00000000FF00FF00FFFF8180803B, StartTime=2016.04.04-19.00.52, Duration=2123.190674, RunGuid=RunIDE245E2D5412849D2DAB2D091690BE97E
DDCTransactionIdEA5C9A7D403B5777DB397D9654E1111A_12, PutCachedData=, CacheKey=TEXTURE_814DCC3DC72143F49509781513CB9855_AutoDXT_315FAD6D4390607D259D4CBB02149__B3E8551A7C8AE3BB624F7403BBB940E8E2B28322, StartTime=2016.04.04-19.00.54, HierarchicalDDC=, DataSize=4194569, Duration=9.510517, RunGuid=RunIDE245E2D5412849D2DAB2D091690BE97E
DDCTransactionIdCADFAE574D9E25087B0F7B92CAB7B108_18, PutCachedData=, CacheKey=TEXTURE_814DCC3DC72143F49509781513CB9855_AutoDXT_315FAD6D4390607D259D4CBB02149__EB4BF6094A952123C8F94095BB951C84F950EFD9, StartTime=2016.04.04-19.00.54, HierarchicalDDC=, DataSize=1048841, Duration=3.348168, RunGuid=RunIDE245E2D5412849D2DAB2D091690BE97E
DDCTransactionId23579E7D466AA725053A848E48691ABE_17, PutCachedData=, CacheKey=TEXTURE_814DCC3DC72143F49509781513CB9855_AutoDXT_315FAD6D4390607D259D4CBB02149__2E8D1FA22811FB07EA77E0A1602173D96E062591, StartTime=2016.04.04-19.00.54, HierarchicalDDC=, DataSize=262407, Duration=5.001016, RunGuid=RunIDE245E2D5412849D2DAB2D091690BE97E
DDCTransactionIdCADFAE574D9E25087B0F7B92CAB7B108_19, PutCachedData=, CacheKey=TEXTURE_814DCC3DC72143F49509781513CB9855_AutoDXT_315FAD6D4390607D259D4CBB02149__0961CA06BF1893FDAB622FCD733E1DB2470687BB, StartTime=2016.04.04-19.00.54, HierarchicalDDC=, DataSize=65799, Duration=2.193760, RunGuid=RunIDE245E2D5412849D2DAB2D091690BE97E
DDCTransactionId23579E7D466AA725053A848E48691ABE_18, PutCachedData=, CacheKey=TEXTURE_814DCC3DC72143F49509781513CB9855_AutoDXT_315FAD6D4390607D259D4CBB02149__E8DA98BA3C8173D4702B70CA2E9187F915D75E23, StartTime=2016.04.04-19.00.54, HierarchicalDDC=, DataSize=16647, Duration=1.981132, RunGuid=RunIDE245E2D5412849D2DAB2D091690BE97E
DDCTransactionIdCADFAE574D9E25087B0F7B92CAB7B108_20, PutCachedData=, CacheKey=TEXTURE_814DCC3DC72143F49509781513CB9855_AutoDXT_315FAD6D4390607D259D4CBB02149__D88DBC5C48D5B5A27DCDD4DA341F7176C591A5FB, StartTime=2016.04.04-19.00.54, HierarchicalDDC=, DataSize=7493, Duration=1.389023, RunGuid=RunIDE245E2D5412849D2DAB2D091690BE97E
DDCTransactionId96B9B7E34459C8CB3722F08EBDF1AF34_11, BuildTexture=, CacheKey=TEXTURE_814DCC3DC72143F49509781513CB9855_BC5_7F4970AF407237B338721894AC7C55A6_07_0000803F0000803F0000803F000000000000803F00000000000000000000803F00000000000000000200000001000000000000000100000000040000803FFFFFFFFF00000000FF00FF00FFFF8180803B, StartTime=2016.04.04-19.00.55, Duration=338.129547, RunGuid=RunIDE245E2D5412849D2DAB2D091690BE97E
DDCTransactionIdCADFAE574D9E25087B0F7B92CAB7B108_21, PutCachedData=, CacheKey=TEXTURE_814DCC3DC72143F49509781513CB9855_BC5_7F4970AF407237B338721894AC7C55A6___AD36A6067FB8A01F31F3AF4C8946399C517CF391, StartTime=2016.04.04-19.00.55, HierarchicalDDC=, DataSize=4194565, Duration=4.738994, RunGuid=RunIDE245E2D5412849D2DAB2D091690BE97E
DDCTransactionIdEA5C9A7D403B5777DB397D9654E1111A_13, PutCachedData=, CacheKey=TEXTURE_814DCC3DC72143F49509781513CB9855_BC5_7F4970AF407237B338721894AC7C55A6___4860EF7BC752CBE02CCB2705BF8CB48A698E4BD9, StartTime=2016.04.04-19.00.55, HierarchicalDDC=, DataSize=1048837, Duration=0.931233, RunGuid=RunIDE245E2D5412849D2DAB2D091690BE97E
DDCTransactionId23579E7D466AA725053A848E48691ABE_19, PutCachedData=, CacheKey=TEXTURE_814DCC3DC72143F49509781513CB9855_BC5_7F4970AF407237B338721894AC7C55A6___5A0BB6E1D372F839D324E10225DE8469984B21FA, StartTime=2016.04.04-19.00.55, HierarchicalDDC=, DataSize=262403, Duration=0.403877, RunGuid=RunIDE245E2D5412849D2DAB2D091690BE97E
DDCTransactionId23579E7D466AA725053A848E48691ABE_20, PutCachedData=, CacheKey=TEXTURE_814DCC3DC72143F49509781513CB9855_BC5_7F4970AF407237B338721894AC7C55A6___4A2C3032BACEEE299B3642FEDA89B93B1EE78D43, StartTime=2016.04.04-19.00.55, HierarchicalDDC=, DataSize=65795, Duration=0.130713, RunGuid=RunIDE245E2D5412849D2DAB2D091690BE97E
DDCTransactionId23579E7D466AA725053A848E48691ABE_21, PutCachedData=, CacheKey=TEXTURE_814DCC3DC72143F49509781513CB9855_BC5_7F4970AF407237B338721894AC7C55A6___F3E2FBA30778DC84BB0F5ED8A50653CF9CD5C95F, StartTime=2016.04.04-19.00.55, HierarchicalDDC=, DataSize=16643, Duration=0.077102, RunGuid=RunIDE245E2D5412849D2DAB2D091690BE97E
DDCTransactionIdEA5C9A7D403B5777DB397D9654E1111A_14, PutCachedData=, CacheKey=TEXTURE_814DCC3DC72143F49509781513CB9855_BC5_7F4970AF407237B338721894AC7C55A6___B8E76038B1FAF49B2983EFFD6E7B86CBF6237101, StartTime=2016.04.04-19.00.55, HierarchicalDDC=, DataSize=7468, Duration=0.071075, RunGuid=RunIDE245E2D5412849D2DAB2D091690BE97E
DDCTransactionId96B9B7E34459C8CB3722F08EBDF1AF34_12, BuildTexture=, CacheKey=TEXTURE_814DCC3DC72143F49509781513CB9855_AutoDXT_A3DB5DE64093EAD778E380B675001A7D_07_0000803F0000803F0000803F000000000000803F00000000000000000000803F00000000000000000200000001000100000000000101000000040000803FFFFFFFFF00000000FF00FF00FFFF8180803B, StartTime=2016.04.04-19.00.56, Duration=2060.035889, RunGuid=RunIDE245E2D5412849D2DAB2D091690BE97E
DDCTransactionId23579E7D466AA725053A848E48691ABE_22, PutCachedData=, CacheKey=TEXTURE_814DCC3DC72143F49509781513CB9855_AutoDXT_A3DB5DE64093EAD778E380B675001__4391A10CC26AA4C4450E7B2CD2AEC0C8A5173452, StartTime=2016.04.04-19.00.58, HierarchicalDDC=, DataSize=4194569, Duration=11.254620, RunGuid=RunIDE245E2D5412849D2DAB2D091690BE97E
DDCTransactionIdEA5C9A7D403B5777DB397D9654E1111A_15, PutCachedData=, CacheKey=TEXTURE_814DCC3DC72143F49509781513CB9855_AutoDXT_A3DB5DE64093EAD778E380B675001__6C6F55C709D2C6D80259E91B165FF0DD201E8414, StartTime=2016.04.04-19.00.58, HierarchicalDDC=, DataSize=1048841, Duration=4.641712, RunGuid=RunIDE245E2D5412849D2DAB2D091690BE97E
DDCTransactionIdCADFAE574D9E25087B0F7B92CAB7B108_22, PutCachedData=, CacheKey=TEXTURE_814DCC3DC72143F49509781513CB9855_AutoDXT_A3DB5DE64093EAD778E380B675001__472D707A7B0E529368F4E14ACA7E1BDEFAF3278C, StartTime=2016.04.04-19.00.58, HierarchicalDDC=, DataSize=262407, Duration=4.519738, RunGuid=RunIDE245E2D5412849D2DAB2D091690BE97E
DDCTransactionIdEA5C9A7D403B5777DB397D9654E1111A_16, PutCachedData=, CacheKey=TEXTURE_814DCC3DC72143F49509781513CB9855_AutoDXT_A3DB5DE64093EAD778E380B675001__9E6D38A40922F5A1400995BEF8AB2BB72102E08E, StartTime=2016.04.04-19.00.58, HierarchicalDDC=, DataSize=65799, Duration=1.704652, RunGuid=RunIDE245E2D5412849D2DAB2D091690BE97E
DDCTransactionIdCADFAE574D9E25087B0F7B92CAB7B108_23, PutCachedData=, CacheKey=TEXTURE_814DCC3DC72143F49509781513CB9855_AutoDXT_A3DB5DE64093EAD778E380B675001__8549BBC3C19930FB5DB1555B9B25836589078D63, StartTime=2016.04.04-19.00.58, HierarchicalDDC=, DataSize=16647, Duration=2.136536, RunGuid=RunIDE245E2D5412849D2DAB2D091690BE97E
DDCTransactionIdEA5C9A7D403B5777DB397D9654E1111A_17, PutCachedData=, CacheKey=TEXTURE_814DCC3DC72143F49509781513CB9855_AutoDXT_A3DB5DE64093EAD778E380B675001__26044AC63EDE5B72823857B3B8293FF58CDB07D1, StartTime=2016.04.04-19.00.58, HierarchicalDDC=, DataSize=7493, Duration=1.585688, RunGuid=RunIDE245E2D5412849D2DAB2D091690BE97E
DDCTransactionId96B9B7E34459C8CB3722F08EBDF1AF34_13, BuildTexture=, CacheKey=TEXTURE_814DCC3DC72143F49509781513CB9855_BC5_953E836541FD413A56AE28B92BC05FD4_07_0000803F0000803F0000803F000000000000803F00000000000000000000803F00000000000000000200000001000000000000000100000000040000803FFFFFFFFF00000000FF00FF00FFFF8180803B, StartTime=2016.04.04-19.00.58, Duration=307.402740, RunGuid=RunIDE245E2D5412849D2DAB2D091690BE97E
DDCTransactionIdCADFAE574D9E25087B0F7B92CAB7B108_24, PutCachedData=, CacheKey=TEXTURE_814DCC3DC72143F49509781513CB9855_BC5_953E836541FD413A56AE28B92BC05FD4___E459626E63ED45EF561A856BABEAE27A84746866, StartTime=2016.04.04-19.00.58, HierarchicalDDC=, DataSize=4194565, Duration=9.486120, RunGuid=RunIDE245E2D5412849D2DAB2D091690BE97E
DDCTransactionId23579E7D466AA725053A848E48691ABE_23, PutCachedData=, CacheKey=TEXTURE_814DCC3DC72143F49509781513CB9855_BC5_953E836541FD413A56AE28B92BC05FD4___D4735834DC35101E223B6ED198367AF339378B4F, StartTime=2016.04.04-19.00.58, HierarchicalDDC=, DataSize=1048837, Duration=5.789492, RunGuid=RunIDE245E2D5412849D2DAB2D091690BE97E
DDCTransactionIdEA5C9A7D403B5777DB397D9654E1111A_18, PutCachedData=, CacheKey=TEXTURE_814DCC3DC72143F49509781513CB9855_BC5_953E836541FD413A56AE28B92BC05FD4___0D07BA7E0DD518C73916733CF297FC9510B3F16D, StartTime=2016.04.04-19.00.58, HierarchicalDDC=, DataSize=262403, Duration=2.602454, RunGuid=RunIDE245E2D5412849D2DAB2D091690BE97E
DDCTransactionIdEA5C9A7D403B5777DB397D9654E1111A_19, PutCachedData=, CacheKey=TEXTURE_814DCC3DC72143F49509781513CB9855_BC5_953E836541FD413A56AE28B92BC05FD4___3AC301F275406FCA314BBE61C1954B9F2AE85579, StartTime=2016.04.04-19.00.58, HierarchicalDDC=, DataSize=65795, Duration=2.713893, RunGuid=RunIDE245E2D5412849D2DAB2D091690BE97E
DDCTransactionIdEA5C9A7D403B5777DB397D9654E1111A_20, PutCachedData=, CacheKey=TEXTURE_814DCC3DC72143F49509781513CB9855_BC5_953E836541FD413A56AE28B92BC05FD4___87B94521736ABA8A26F8F28B88597DA69B20E433, StartTime=2016.04.04-19.00.58, HierarchicalDDC=, DataSize=16643, Duration=2.004322, RunGuid=RunIDE245E2D5412849D2DAB2D091690BE97E
DDCTransactionId23579E7D466AA725053A848E48691ABE_24, PutCachedData=, CacheKey=TEXTURE_814DCC3DC72143F49509781513CB9855_BC5_953E836541FD413A56AE28B92BC05FD4___382725BB370E3BD860556FDB5E8BA88FF17B105F, StartTime=2016.04.04-19.00.58, HierarchicalDDC=, DataSize=7468, Duration=1.579061, RunGuid=RunIDE245E2D5412849D2DAB2D091690BE97E
DDCTransactionId96B9B7E34459C8CB3722F08EBDF1AF34_14, BuildTexture=, CacheKey=TEXTURE_814DCC3DC72143F49509781513CB9855_AutoDXT_374BBFF1488B0927EDF3569329E63566_07_0000803F0000803F0000803F000000000000803F00000000000000000000803F00000000000000000200000001000000000000000101000000040000803FFFFFFFFF00000000FF00FF00FFFF8180803B, StartTime=2016.04.04-19.00.59, Duration=417.424500, RunGuid=RunIDE245E2D5412849D2DAB2D091690BE97E
DDCTransactionId23579E7D466AA725053A848E48691ABE_25, PutCachedData=, CacheKey=TEXTURE_814DCC3DC72143F49509781513CB9855_AutoDXT_374BBFF1488B0927EDF3569329E63__5AB79279BEE68E603DA6198FEE21EE3F3AE84B70, StartTime=2016.04.04-19.00.59, HierarchicalDDC=, DataSize=4194569, Duration=8.754261, RunGuid=RunIDE245E2D5412849D2DAB2D091690BE97E
DDCTransactionIdCADFAE574D9E25087B0F7B92CAB7B108_25, PutCachedData=, CacheKey=TEXTURE_814DCC3DC72143F49509781513CB9855_AutoDXT_374BBFF1488B0927EDF3569329E63__F7DB10929716B71F77DE621552F12AC3AD1E324E, StartTime=2016.04.04-19.00.59, HierarchicalDDC=, DataSize=1048841, Duration=5.593125, RunGuid=RunIDE245E2D5412849D2DAB2D091690BE97E
DDCTransactionIdEA5C9A7D403B5777DB397D9654E1111A_21, PutCachedData=, CacheKey=TEXTURE_814DCC3DC72143F49509781513CB9855_AutoDXT_374BBFF1488B0927EDF3569329E63__D3D9D45138D3F6A8DD2BF2C16E55D0DB0054A1FF, StartTime=2016.04.04-19.00.59, HierarchicalDDC=, DataSize=262407, Duration=4.599851, RunGuid=RunIDE245E2D5412849D2DAB2D091690BE97E
DDCTransactionIdEA5C9A7D403B5777DB397D9654E1111A_22, PutCachedData=, CacheKey=TEXTURE_814DCC3DC72143F49509781513CB9855_AutoDXT_374BBFF1488B0927EDF3569329E63__9AB91DA2D93FC77079769AF87BCDA3629DDACC5C, StartTime=2016.04.04-19.00.59, HierarchicalDDC=, DataSize=65799, Duration=1.527261, RunGuid=RunIDE245E2D5412849D2DAB2D091690BE97E
DDCTransactionIdCADFAE574D9E25087B0F7B92CAB7B108_26, PutCachedData=, CacheKey=TEXTURE_814DCC3DC72143F49509781513CB9855_AutoDXT_374BBFF1488B0927EDF3569329E63__25EBEEE52518043FE8F68C916A2718BE716FA077, StartTime=2016.04.04-19.00.59, HierarchicalDDC=, DataSize=16647, Duration=27.741562, RunGuid=RunIDE245E2D5412849D2DAB2D091690BE97E
DDCTransactionIdEA5C9A7D403B5777DB397D9654E1111A_23, PutCachedData=, CacheKey=TEXTURE_814DCC3DC72143F49509781513CB9855_AutoDXT_374BBFF1488B0927EDF3569329E63__E0716957695E21434F0CBC5F768AF5EDD713A1EE, StartTime=2016.04.04-19.00.59, HierarchicalDDC=, DataSize=7493, Duration=1.611289, RunGuid=RunIDE245E2D5412849D2DAB2D091690BE97E
DDCTransactionId96B9B7E34459C8CB3722F08EBDF1AF34_15, BuildTexture=, CacheKey=TEXTURE_814DCC3DC72143F49509781513CB9855_AutoDXT_888032434D7A2E946E1D5D8123473C2E_07_0000803F0000803F0000803F000000000000803F00000000000000000000803F00000000000000000200000001000100000000000101000000040000803FFFFFFFFF00000000FF00FF00FFFF8180803B, StartTime=2016.04.04-19.00.59, Duration=2022.405884, RunGuid=RunIDE245E2D5412849D2DAB2D091690BE97E
DDCTransactionId23579E7D466AA725053A848E48691ABE_26, PutCachedData=, CacheKey=TEXTURE_814DCC3DC72143F49509781513CB9855_AutoDXT_888032434D7A2E946E1D5D8123473__3D45A17307104041FE9881D9B905537D654DB8D8, StartTime=2016.04.04-19.01.01, HierarchicalDDC=, DataSize=4194569, Duration=8.523564, RunGuid=RunIDE245E2D5412849D2DAB2D091690BE97E
DDCTransactionIdCADFAE574D9E25087B0F7B92CAB7B108_27, PutCachedData=, CacheKey=TEXTURE_814DCC3DC72143F49509781513CB9855_AutoDXT_888032434D7A2E946E1D5D8123473__01368A360DA0022F55976F6F93F94A9665FFEAB0, StartTime=2016.04.04-19.01.01, HierarchicalDDC=, DataSize=1048841, Duration=5.269363, RunGuid=RunIDE245E2D5412849D2DAB2D091690BE97E
DDCTransactionIdEA5C9A7D403B5777DB397D9654E1111A_24, PutCachedData=, CacheKey=TEXTURE_814DCC3DC72143F49509781513CB9855_AutoDXT_888032434D7A2E946E1D5D8123473__F60B0E17B8F22E192893DE9BB19C565B5D941C52, StartTime=2016.04.04-19.01.01, HierarchicalDDC=, DataSize=262407, Duration=4.537810, RunGuid=RunIDE245E2D5412849D2DAB2D091690BE97E
DDCTransactionIdEA5C9A7D403B5777DB397D9654E1111A_25, PutCachedData=, CacheKey=TEXTURE_814DCC3DC72143F49509781513CB9855_AutoDXT_888032434D7A2E946E1D5D8123473__5D838C8B0B7751872BC7C3533F49B5CA4162FD9C, StartTime=2016.04.04-19.01.01, HierarchicalDDC=, DataSize=65799, Duration=2.375070, RunGuid=RunIDE245E2D5412849D2DAB2D091690BE97E
DDCTransactionIdCADFAE574D9E25087B0F7B92CAB7B108_28, PutCachedData=, CacheKey=TEXTURE_814DCC3DC72143F49509781513CB9855_AutoDXT_888032434D7A2E946E1D5D8123473__A1BD4C661CC8F0CA861F94B99CC2F356A06450D6, StartTime=2016.04.04-19.01.01, HierarchicalDDC=, DataSize=16647, Duration=2.317846, RunGuid=RunIDE245E2D5412849D2DAB2D091690BE97E
DDCTransactionId23579E7D466AA725053A848E48691ABE_27, PutCachedData=, CacheKey=TEXTURE_814DCC3DC72143F49509781513CB9855_AutoDXT_888032434D7A2E946E1D5D8123473__A3B3D2A798D610A66E5641EBE7D1083E55F49F99, StartTime=2016.04.04-19.01.01, HierarchicalDDC=, DataSize=7493, Duration=1.651045, RunGuid=RunIDE245E2D5412849D2DAB2D091690BE97E
DDCTransactionId96B9B7E34459C8CB3722F08EBDF1AF34_16, BuildTexture=, CacheKey=TEXTURE_814DCC3DC72143F49509781513CB9855_AutoDXT_A3DB5DE64093EAD778E380B675001A7D_07_0000803F0000803F0000803F000000000000803F00000000000000000000803F00000000000000000200000001000100000000000101000000040000803FFFFFFFFF00000000FF00FF00FFFF8180803B, StartTime=2016.04.04-19.01.01, Duration=2075.475342, RunGuid=RunIDE245E2D5412849D2DAB2D091690BE97E
DDCTransactionId23579E7D466AA725053A848E48691ABE_28, PutCachedData=, CacheKey=TEXTURE_814DCC3DC72143F49509781513CB9855_AutoDXT_A3DB5DE64093EAD778E380B675001__4391A10CC26AA4C4450E7B2CD2AEC0C8A5173452, StartTime=2016.04.04-19.01.04, HierarchicalDDC=, DataSize=4194569, Duration=5.649447, RunGuid=RunIDE245E2D5412849D2DAB2D091690BE97E
DDCTransactionIdCADFAE574D9E25087B0F7B92CAB7B108_29, PutCachedData=, CacheKey=TEXTURE_814DCC3DC72143F49509781513CB9855_AutoDXT_A3DB5DE64093EAD778E380B675001__6C6F55C709D2C6D80259E91B165FF0DD201E8414, StartTime=2016.04.04-19.01.04, HierarchicalDDC=, DataSize=1048841, Duration=1.274575, RunGuid=RunIDE245E2D5412849D2DAB2D091690BE97E
DDCTransactionIdEA5C9A7D403B5777DB397D9654E1111A_26, PutCachedData=, CacheKey=TEXTURE_814DCC3DC72143F49509781513CB9855_AutoDXT_A3DB5DE64093EAD778E380B675001__472D707A7B0E529368F4E14ACA7E1BDEFAF3278C, StartTime=2016.04.04-19.01.04, HierarchicalDDC=, DataSize=262407, Duration=0.405982, RunGuid=RunIDE245E2D5412849D2DAB2D091690BE97E
DDCTransactionIdEA5C9A7D403B5777DB397D9654E1111A_27, PutCachedData=, CacheKey=TEXTURE_814DCC3DC72143F49509781513CB9855_AutoDXT_A3DB5DE64093EAD778E380B675001__9E6D38A40922F5A1400995BEF8AB2BB72102E08E, StartTime=2016.04.04-19.01.04, HierarchicalDDC=, DataSize=65799, Duration=0.202086, RunGuid=RunIDE245E2D5412849D2DAB2D091690BE97E
DDCTransactionIdEA5C9A7D403B5777DB397D9654E1111A_28, PutCachedData=, CacheKey=TEXTURE_814DCC3DC72143F49509781513CB9855_AutoDXT_A3DB5DE64093EAD778E380B675001__8549BBC3C19930FB5DB1555B9B25836589078D63, StartTime=2016.04.04-19.01.04, HierarchicalDDC=, DataSize=16647, Duration=0.081919, RunGuid=RunIDE245E2D5412849D2DAB2D091690BE97E
DDCTransactionIdCADFAE574D9E25087B0F7B92CAB7B108_30, PutCachedData=, CacheKey=TEXTURE_814DCC3DC72143F49509781513CB9855_AutoDXT_A3DB5DE64093EAD778E380B675001__26044AC63EDE5B72823857B3B8293FF58CDB07D1, StartTime=2016.04.04-19.01.04, HierarchicalDDC=, DataSize=7493, Duration=0.077706, RunGuid=RunIDE245E2D5412849D2DAB2D091690BE97E
DDCTransactionId96B9B7E34459C8CB3722F08EBDF1AF34_17, BuildTexture=, CacheKey=TEXTURE_814DCC3DC72143F49509781513CB9855_BC5_953E836541FD413A56AE28B92BC05FD4_07_0000803F0000803F0000803F000000000000803F00000000000000000000803F00000000000000000200000001000000000000000100000000040000803FFFFFFFFF00000000FF00FF00FFFF8180803B, StartTime=2016.04.04-19.01.04, Duration=336.607422, RunGuid=RunIDE245E2D5412849D2DAB2D091690BE97E
DDCTransactionIdEA5C9A7D403B5777DB397D9654E1111A_29, PutCachedData=, CacheKey=TEXTURE_814DCC3DC72143F49509781513CB9855_BC5_953E836541FD413A56AE28B92BC05FD4___E459626E63ED45EF561A856BABEAE27A84746866, StartTime=2016.04.04-19.01.04, HierarchicalDDC=, DataSize=4194565, Duration=5.513016, RunGuid=RunIDE245E2D5412849D2DAB2D091690BE97E
DDCTransactionIdCADFAE574D9E25087B0F7B92CAB7B108_31, PutCachedData=, CacheKey=TEXTURE_814DCC3DC72143F49509781513CB9855_BC5_953E836541FD413A56AE28B92BC05FD4___D4735834DC35101E223B6ED198367AF339378B4F, StartTime=2016.04.04-19.01.04, HierarchicalDDC=, DataSize=1048837, Duration=1.292042, RunGuid=RunIDE245E2D5412849D2DAB2D091690BE97E
DDCTransactionId23579E7D466AA725053A848E48691ABE_29, PutCachedData=, CacheKey=TEXTURE_814DCC3DC72143F49509781513CB9855_BC5_953E836541FD413A56AE28B92BC05FD4___0D07BA7E0DD518C73916733CF297FC9510B3F16D, StartTime=2016.04.04-19.01.04, HierarchicalDDC=, DataSize=262403, Duration=0.388820, RunGuid=RunIDE245E2D5412849D2DAB2D091690BE97E
DDCTransactionIdCADFAE574D9E25087B0F7B92CAB7B108_32, PutCachedData=, CacheKey=TEXTURE_814DCC3DC72143F49509781513CB9855_BC5_953E836541FD413A56AE28B92BC05FD4___3AC301F275406FCA314BBE61C1954B9F2AE85579, StartTime=2016.04.04-19.01.04, HierarchicalDDC=, DataSize=65795, Duration=0.151191, RunGuid=RunIDE245E2D5412849D2DAB2D091690BE97E
DDCTransactionId23579E7D466AA725053A848E48691ABE_30, PutCachedData=, CacheKey=TEXTURE_814DCC3DC72143F49509781513CB9855_BC5_953E836541FD413A56AE28B92BC05FD4___87B94521736ABA8A26F8F28B88597DA69B20E433, StartTime=2016.04.04-19.01.04, HierarchicalDDC=, DataSize=16643, Duration=0.098485, RunGuid=RunIDE245E2D5412849D2DAB2D091690BE97E
DDCTransactionId23579E7D466AA725053A848E48691ABE_31, PutCachedData=, CacheKey=TEXTURE_814DCC3DC72143F49509781513CB9855_BC5_953E836541FD413A56AE28B92BC05FD4___382725BB370E3BD860556FDB5E8BA88FF17B105F, StartTime=2016.04.04-19.01.04, HierarchicalDDC=, DataSize=7468, Duration=0.063550, RunGuid=RunIDE245E2D5412849D2DAB2D091690BE97E
DDCTransactionId96B9B7E34459C8CB3722F08EBDF1AF34_18, BuildTexture=, CacheKey=TEXTURE_814DCC3DC72143F49509781513CB9855_AutoDXT_315FAD6D4390607D259D4CBB0214981B_07_0000803F0000803F0000803F000000000000803F00000000000000000000803F00000000000000000200000001000100000000000101000000040000803FFFFFFFFF00000000FF00FF00FFFF8180803B, StartTime=2016.04.04-19.01.04, Duration=2080.382813, RunGuid=RunIDE245E2D5412849D2DAB2D091690BE97E
DDCTransactionIdCADFAE574D9E25087B0F7B92CAB7B108_33, PutCachedData=, CacheKey=TEXTURE_814DCC3DC72143F49509781513CB9855_AutoDXT_315FAD6D4390607D259D4CBB02149__B3E8551A7C8AE3BB624F7403BBB940E8E2B28322, StartTime=2016.04.04-19.01.06, HierarchicalDDC=, DataSize=4194569, Duration=4.651655, RunGuid=RunIDE245E2D5412849D2DAB2D091690BE97E
DDCTransactionId23579E7D466AA725053A848E48691ABE_32, PutCachedData=, CacheKey=TEXTURE_814DCC3DC72143F49509781513CB9855_AutoDXT_315FAD6D4390607D259D4CBB02149__EB4BF6094A952123C8F94095BB951C84F950EFD9, StartTime=2016.04.04-19.01.06, HierarchicalDDC=, DataSize=1048841, Duration=1.025502, RunGuid=RunIDE245E2D5412849D2DAB2D091690BE97E
DDCTransactionIdEA5C9A7D403B5777DB397D9654E1111A_30, PutCachedData=, CacheKey=TEXTURE_814DCC3DC72143F49509781513CB9855_AutoDXT_315FAD6D4390607D259D4CBB02149__2E8D1FA22811FB07EA77E0A1602173D96E062591, StartTime=2016.04.04-19.01.06, HierarchicalDDC=, DataSize=262407, Duration=0.397250, RunGuid=RunIDE245E2D5412849D2DAB2D091690BE97E
DDCTransactionIdEA5C9A7D403B5777DB397D9654E1111A_31, PutCachedData=, CacheKey=TEXTURE_814DCC3DC72143F49509781513CB9855_AutoDXT_315FAD6D4390607D259D4CBB02149__0961CA06BF1893FDAB622FCD733E1DB2470687BB, StartTime=2016.04.04-19.01.06, HierarchicalDDC=, DataSize=65799, Duration=0.104509, RunGuid=RunIDE245E2D5412849D2DAB2D091690BE97E
DDCTransactionIdEA5C9A7D403B5777DB397D9654E1111A_32, PutCachedData=, CacheKey=TEXTURE_814DCC3DC72143F49509781513CB9855_AutoDXT_315FAD6D4390607D259D4CBB02149__E8DA98BA3C8173D4702B70CA2E9187F915D75E23, StartTime=2016.04.04-19.01.06, HierarchicalDDC=, DataSize=16647, Duration=0.066862, RunGuid=RunIDE245E2D5412849D2DAB2D091690BE97E
DDCTransactionId23579E7D466AA725053A848E48691ABE_33, PutCachedData=, CacheKey=TEXTURE_814DCC3DC72143F49509781513CB9855_AutoDXT_315FAD6D4390607D259D4CBB02149__D88DBC5C48D5B5A27DCDD4DA341F7176C591A5FB, StartTime=2016.04.04-19.01.06, HierarchicalDDC=, DataSize=7493, Duration=0.049692, RunGuid=RunIDE245E2D5412849D2DAB2D091690BE97E
DDCTransactionId96B9B7E34459C8CB3722F08EBDF1AF34_19, BuildTexture=, CacheKey=TEXTURE_814DCC3DC72143F49509781513CB9855_AutoDXT_49EBE4F9430B027F3639729C4CE028A7_07_0000803F0000803F0000803F000000000000803F00000000000000000000803F00000000000000000200000001000000000000000101000000040000803FFFFFFFFF00000000FF00FF00FFFF8180803B, StartTime=2016.04.04-19.01.06, Duration=31.608652, RunGuid=RunIDE245E2D5412849D2DAB2D091690BE97E
DDCTransactionIdEA5C9A7D403B5777DB397D9654E1111A_33, PutCachedData=, CacheKey=TEXTURE_814DCC3DC72143F49509781513CB9855_AutoDXT_49EBE4F9430B027F3639729C4CE02__4EE83C895828B45CA36D4968CBC323543A9A22B2, StartTime=2016.04.04-19.01.06, HierarchicalDDC=, DataSize=262407, Duration=4.415534, RunGuid=RunIDE245E2D5412849D2DAB2D091690BE97E
DDCTransactionId23579E7D466AA725053A848E48691ABE_34, PutCachedData=, CacheKey=TEXTURE_814DCC3DC72143F49509781513CB9855_AutoDXT_49EBE4F9430B027F3639729C4CE02__349CA13B15B01E106858DDDD0E3E3396DA218D6D, StartTime=2016.04.04-19.01.06, HierarchicalDDC=, DataSize=65799, Duration=1.275480, RunGuid=RunIDE245E2D5412849D2DAB2D091690BE97E
DDCTransactionIdCADFAE574D9E25087B0F7B92CAB7B108_34, PutCachedData=, CacheKey=TEXTURE_814DCC3DC72143F49509781513CB9855_AutoDXT_49EBE4F9430B027F3639729C4CE02__AC9285A4DAFDC0716DEF13130A9B06B3FE11A1AD, StartTime=2016.04.04-19.01.06, HierarchicalDDC=, DataSize=16647, Duration=4.205916, RunGuid=RunIDE245E2D5412849D2DAB2D091690BE97E
DDCTransactionId23579E7D466AA725053A848E48691ABE_35, PutCachedData=, CacheKey=TEXTURE_814DCC3DC72143F49509781513CB9855_AutoDXT_49EBE4F9430B027F3639729C4CE02__6569745CA631A9E5DFDCBA9FC53A8671E25127CD, StartTime=2016.04.04-19.01.06, HierarchicalDDC=, DataSize=6899, Duration=2.226587, RunGuid=RunIDE245E2D5412849D2DAB2D091690BE97E
DDCTransactionId96B9B7E34459C8CB3722F08EBDF1AF34_20, BuildTexture=, CacheKey=TEXTURE_814DCC3DC72143F49509781513CB9855_BC5_B38CD1E740DC8C4A04E86799EBABB76E_07_0000803F0000803F0000803F000000000000803F00000000000000000000803F00000000000000000200000001000000000000000100000000040000803FFFFFFFFF00000000FF00FF00FFFF8180803B, StartTime=2016.04.04-19.01.07, Duration=343.363373, RunGuid=RunIDE245E2D5412849D2DAB2D091690BE97E
DDCTransactionId23579E7D466AA725053A848E48691ABE_36, PutCachedData=, CacheKey=TEXTURE_814DCC3DC72143F49509781513CB9855_BC5_B38CD1E740DC8C4A04E86799EBABB76E___48810F20BFC7A9F2B819C8A168CD92EA9A302926, StartTime=2016.04.04-19.01.07, HierarchicalDDC=, DataSize=4194565, Duration=9.298186, RunGuid=RunIDE245E2D5412849D2DAB2D091690BE97E
DDCTransactionIdCADFAE574D9E25087B0F7B92CAB7B108_35, PutCachedData=, CacheKey=TEXTURE_814DCC3DC72143F49509781513CB9855_BC5_B38CD1E740DC8C4A04E86799EBABB76E___36CE2C88760CC093C6887A7796D050B9DCFDFDA7, StartTime=2016.04.04-19.01.07, HierarchicalDDC=, DataSize=1048837, Duration=5.872618, RunGuid=RunIDE245E2D5412849D2DAB2D091690BE97E
DDCTransactionIdEA5C9A7D403B5777DB397D9654E1111A_34, PutCachedData=, CacheKey=TEXTURE_814DCC3DC72143F49509781513CB9855_BC5_B38CD1E740DC8C4A04E86799EBABB76E___BAA6531B4AA6C0A407EFC2F76A369932F57E613F, StartTime=2016.04.04-19.01.07, HierarchicalDDC=, DataSize=262403, Duration=4.371859, RunGuid=RunIDE245E2D5412849D2DAB2D091690BE97E
DDCTransactionIdEA5C9A7D403B5777DB397D9654E1111A_35, PutCachedData=, CacheKey=TEXTURE_814DCC3DC72143F49509781513CB9855_BC5_B38CD1E740DC8C4A04E86799EBABB76E___8785E50EB646684C80FC802266BA1BF1E1AD23DE, StartTime=2016.04.04-19.01.07, HierarchicalDDC=, DataSize=65795, Duration=1.708567, RunGuid=RunIDE245E2D5412849D2DAB2D091690BE97E
DDCTransactionIdCADFAE574D9E25087B0F7B92CAB7B108_36, PutCachedData=, CacheKey=TEXTURE_814DCC3DC72143F49509781513CB9855_BC5_B38CD1E740DC8C4A04E86799EBABB76E___63255B218C1A8EF970A448B02872B095C236240C, StartTime=2016.04.04-19.01.07, HierarchicalDDC=, DataSize=16643, Duration=2.017271, RunGuid=RunIDE245E2D5412849D2DAB2D091690BE97E
DDCTransactionIdEA5C9A7D403B5777DB397D9654E1111A_36, PutCachedData=, CacheKey=TEXTURE_814DCC3DC72143F49509781513CB9855_BC5_B38CD1E740DC8C4A04E86799EBABB76E___52DCD4CFBB786706441F354676A9C09A7BA3C902, StartTime=2016.04.04-19.01.07, HierarchicalDDC=, DataSize=7468, Duration=1.558281, RunGuid=RunIDE245E2D5412849D2DAB2D091690BE97E
DDCTransactionId96B9B7E34459C8CB3722F08EBDF1AF34_21, BuildTexture=, CacheKey=TEXTURE_814DCC3DC72143F49509781513CB9855_AutoDXT_A14F616442A02217C7278E83D3EFE865_07_0000803F0000803F0000803F000000000000803F00000000000000000000803F00000000000000000200000001000100000000000101000000040000803FFFFFFFFF00000000FF00FF00FFFF8180803B, StartTime=2016.04.04-19.01.07, Duration=2026.045044, RunGuid=RunIDE245E2D5412849D2DAB2D091690BE97E
DDCTransactionId23579E7D466AA725053A848E48691ABE_37, PutCachedData=, CacheKey=TEXTURE_814DCC3DC72143F49509781513CB9855_AutoDXT_A14F616442A02217C7278E83D3EFE__EA6F33462EF9D587EE42EF09498E6368F6A42186, StartTime=2016.04.04-19.01.09, HierarchicalDDC=, DataSize=2097417, Duration=7.167071, RunGuid=RunIDE245E2D5412849D2DAB2D091690BE97E
DDCTransactionIdCADFAE574D9E25087B0F7B92CAB7B108_37, PutCachedData=, CacheKey=TEXTURE_814DCC3DC72143F49509781513CB9855_AutoDXT_A14F616442A02217C7278E83D3EFE__EF0823F0E3CEC39D5D0CE0016CACBE0DF87DC2F6, StartTime=2016.04.04-19.01.09, HierarchicalDDC=, DataSize=524553, Duration=5.043786, RunGuid=RunIDE245E2D5412849D2DAB2D091690BE97E
DDCTransactionIdEA5C9A7D403B5777DB397D9654E1111A_37, PutCachedData=, CacheKey=TEXTURE_814DCC3DC72143F49509781513CB9855_AutoDXT_A14F616442A02217C7278E83D3EFE__C395706CE31C39DAE1504E9243761DBC2C1795C2, StartTime=2016.04.04-19.01.09, HierarchicalDDC=, DataSize=131335, Duration=4.707068, RunGuid=RunIDE245E2D5412849D2DAB2D091690BE97E
DDCTransactionIdEA5C9A7D403B5777DB397D9654E1111A_38, PutCachedData=, CacheKey=TEXTURE_814DCC3DC72143F49509781513CB9855_AutoDXT_A14F616442A02217C7278E83D3EFE__4E6053CD587426678B06168BAE8C4E2038AB469D, StartTime=2016.04.04-19.01.09, HierarchicalDDC=, DataSize=33031, Duration=1.501661, RunGuid=RunIDE245E2D5412849D2DAB2D091690BE97E
DDCTransactionIdCADFAE574D9E25087B0F7B92CAB7B108_38, PutCachedData=, CacheKey=TEXTURE_814DCC3DC72143F49509781513CB9855_AutoDXT_A14F616442A02217C7278E83D3EFE__2597D62775FC3E58D5384BCB323859D9BFA4568B, StartTime=2016.04.04-19.01.09, HierarchicalDDC=, DataSize=8455, Duration=1.292642, RunGuid=RunIDE245E2D5412849D2DAB2D091690BE97E
DDCTransactionId23579E7D466AA725053A848E48691ABE_38, PutCachedData=, CacheKey=TEXTURE_814DCC3DC72143F49509781513CB9855_AutoDXT_A14F616442A02217C7278E83D3EFE__656E7E303859D6FFD651ECAA0849E612640358FE, StartTime=2016.04.04-19.01.09, HierarchicalDDC=, DataSize=4749, Duration=0.969782, RunGuid=RunIDE245E2D5412849D2DAB2D091690BE97E
DDCTransactionId96B9B7E34459C8CB3722F08EBDF1AF34_22, BuildTexture=, CacheKey=TEXTURE_814DCC3DC72143F49509781513CB9855_AutoDXT_030D71EE4DA78F8E598967A31B41FFCE_07_0000803F0000803F0000803F000000000000803F00000000000000000000803F00000000000000000200000001000100000000000101000000040000803FFFFFFFFF00000000FF00FF00FFFF8180803B, StartTime=2016.04.04-19.01.09, Duration=2094.026123, RunGuid=RunIDE245E2D5412849D2DAB2D091690BE97E
DDCTransactionIdCADFAE574D9E25087B0F7B92CAB7B108_39, PutCachedData=, CacheKey=TEXTURE_814DCC3DC72143F49509781513CB9855_AutoDXT_030D71EE4DA78F8E598967A31B41F__2C852E7868F513FA141150B3FB06AA648276993E, StartTime=2016.04.04-19.01.11, HierarchicalDDC=, DataSize=2097417, Duration=7.442642, RunGuid=RunIDE245E2D5412849D2DAB2D091690BE97E
DDCTransactionIdEA5C9A7D403B5777DB397D9654E1111A_39, PutCachedData=, CacheKey=TEXTURE_814DCC3DC72143F49509781513CB9855_AutoDXT_030D71EE4DA78F8E598967A31B41F__D800AD93E3AB18614C714E5B03245BECD824F064, StartTime=2016.04.04-19.01.11, HierarchicalDDC=, DataSize=524553, Duration=4.871208, RunGuid=RunIDE245E2D5412849D2DAB2D091690BE97E
DDCTransactionId23579E7D466AA725053A848E48691ABE_39, PutCachedData=, CacheKey=TEXTURE_814DCC3DC72143F49509781513CB9855_AutoDXT_030D71EE4DA78F8E598967A31B41F__4E0C83D22725D73FE7422B1DE106C9852E035BA7, StartTime=2016.04.04-19.01.11, HierarchicalDDC=, DataSize=131335, Duration=4.356202, RunGuid=RunIDE245E2D5412849D2DAB2D091690BE97E
DDCTransactionId23579E7D466AA725053A848E48691ABE_40, PutCachedData=, CacheKey=TEXTURE_814DCC3DC72143F49509781513CB9855_AutoDXT_030D71EE4DA78F8E598967A31B41F__BF35246E184B2F3BBCFFF4905DBA9688583A2EA1, StartTime=2016.04.04-19.01.11, HierarchicalDDC=, DataSize=33031, Duration=1.100793, RunGuid=RunIDE245E2D5412849D2DAB2D091690BE97E
DDCTransactionIdEA5C9A7D403B5777DB397D9654E1111A_40, PutCachedData=, CacheKey=TEXTURE_814DCC3DC72143F49509781513CB9855_AutoDXT_030D71EE4DA78F8E598967A31B41F__A04A56D0FED9DFF8E036793530EB021E6FA1F176, StartTime=2016.04.04-19.01.11, HierarchicalDDC=, DataSize=8455, Duration=2.308208, RunGuid=RunIDE245E2D5412849D2DAB2D091690BE97E
DDCTransactionId23579E7D466AA725053A848E48691ABE_41, PutCachedData=, CacheKey=TEXTURE_814DCC3DC72143F49509781513CB9855_AutoDXT_030D71EE4DA78F8E598967A31B41F__F938C8C3315CB7D129896CFCC78AD11134C096D8, StartTime=2016.04.04-19.01.11, HierarchicalDDC=, DataSize=4749, Duration=1.327582, RunGuid=RunIDE245E2D5412849D2DAB2D091690BE97E
DDCTransactionId96B9B7E34459C8CB3722F08EBDF1AF34_23, BuildTexture=, CacheKey=TEXTURE_814DCC3DC72143F49509781513CB9855_BC5_0D80CFF94ECE8E3C1B6D449AD9623D8D_07_0000803F0000803F0000803F000000000000803F00000000000000000000803F00000000000000000200000001000000000000000100000000040000803FFFFFFFFF00000000FF00FF00FFFF8180803B, StartTime=2016.04.04-19.01.11, Duration=89.495461, RunGuid=RunIDE245E2D5412849D2DAB2D091690BE97E
DDCTransactionIdCADFAE574D9E25087B0F7B92CAB7B108_40, PutCachedData=, CacheKey=TEXTURE_814DCC3DC72143F49509781513CB9855_BC5_0D80CFF94ECE8E3C1B6D449AD9623D8D___D8359E60EDB176A302A0684E18CE0296A2A05AF9, StartTime=2016.04.04-19.01.12, HierarchicalDDC=, DataSize=1048837, Duration=3.246970, RunGuid=RunIDE245E2D5412849D2DAB2D091690BE97E
DDCTransactionId23579E7D466AA725053A848E48691ABE_42, PutCachedData=, CacheKey=TEXTURE_814DCC3DC72143F49509781513CB9855_BC5_0D80CFF94ECE8E3C1B6D449AD9623D8D___1594F74915DBD393D785E0BF1185EA0082BBE562, StartTime=2016.04.04-19.01.12, HierarchicalDDC=, DataSize=262403, Duration=2.089854, RunGuid=RunIDE245E2D5412849D2DAB2D091690BE97E
DDCTransactionIdEA5C9A7D403B5777DB397D9654E1111A_41, PutCachedData=, CacheKey=TEXTURE_814DCC3DC72143F49509781513CB9855_BC5_0D80CFF94ECE8E3C1B6D449AD9623D8D___C1C4DD7585B43CB5AEEF4C8ED9E0D5DA9E217883, StartTime=2016.04.04-19.01.12, HierarchicalDDC=, DataSize=65795, Duration=1.632974, RunGuid=RunIDE245E2D5412849D2DAB2D091690BE97E
DDCTransactionIdEA5C9A7D403B5777DB397D9654E1111A_42, PutCachedData=, CacheKey=TEXTURE_814DCC3DC72143F49509781513CB9855_BC5_0D80CFF94ECE8E3C1B6D449AD9623D8D___D763E8ADEE1B3E434A55139EA0623CB72C952245, StartTime=2016.04.04-19.01.12, HierarchicalDDC=, DataSize=16643, Duration=1.391128, RunGuid=RunIDE245E2D5412849D2DAB2D091690BE97E
DDCTransactionId23579E7D466AA725053A848E48691ABE_43, PutCachedData=, CacheKey=TEXTURE_814DCC3DC72143F49509781513CB9855_BC5_0D80CFF94ECE8E3C1B6D449AD9623D8D___89C301002200715EFDB647947680B71829E23481, StartTime=2016.04.04-19.01.12, HierarchicalDDC=, DataSize=7175, Duration=1.096878, RunGuid=RunIDE245E2D5412849D2DAB2D091690BE97E
DDCTransactionIdCADFAE574D9E25087B0F7B92CAB7B108_41, PutCachedData=, CacheKey=Audio_0002_0000_OGG_0001_570D01514D2E6C3EEDE05FA40B70A143, StartTime=2016.04.04-19.01.52, HierarchicalDDC=, DataSize=17451199, Duration=34.880322, RunGuid=RunIDE245E2D5412849D2DAB2D091690BE97E
DDCTransactionId96B9B7E34459C8CB3722F08EBDF1AF34_24, BuildTexture=, CacheKey=TEXTURE_814DCC3DC72143F49509781513CB9855_BGRA8_29477CA14DD9837C5C860B8C2BE4EA4B_07_0000803F0000803F0000803F000000000000803F00000000000000000000803F00000000000000000200000001000100000000000101000000040000803FFFFFFFFF00000000FF00FF00FFFF8180803B, StartTime=2016.04.04-19.01.52, Duration=4.415229, RunGuid=RunIDE245E2D5412849D2DAB2D091690BE97E
DDCTransactionIdCADFAE574D9E25087B0F7B92CAB7B108_42, PutCachedData=, CacheKey=TEXTURE_814DCC3DC72143F49509781513CB9855_BGRA8_29477CA14DD9837C5C860B8C2BE4EA4__1A003A17B2538F3080934F06EBD888872B341288, StartTime=2016.04.04-19.01.52, HierarchicalDDC=, DataSize=262405, Duration=1.953121, RunGuid=RunIDE245E2D5412849D2DAB2D091690BE97E
DDCTransactionId23579E7D466AA725053A848E48691ABE_44, PutCachedData=, CacheKey=TEXTURE_814DCC3DC72143F49509781513CB9855_BGRA8_29477CA14DD9837C5C860B8C2BE4EA4__74A3C773475AD2BA10D9552CDA95D0C49EEA9243, StartTime=2016.04.04-19.01.52, HierarchicalDDC=, DataSize=65797, Duration=1.908850, RunGuid=RunIDE245E2D5412849D2DAB2D091690BE97E
DDCTransactionIdEA5C9A7D403B5777DB397D9654E1111A_43, PutCachedData=, CacheKey=TEXTURE_814DCC3DC72143F49509781513CB9855_BGRA8_29477CA14DD9837C5C860B8C2BE4EA4__C97E829FF08730946E3B2553F949B26D0F036BC3, StartTime=2016.04.04-19.01.52, HierarchicalDDC=, DataSize=22958, Duration=1.508284, RunGuid=RunIDE245E2D5412849D2DAB2D091690BE97E
DDCTransactionId96B9B7E34459C8CB3722F08EBDF1AF34_25, BuildTexture=, CacheKey=TEXTURE_814DCC3DC72143F49509781513CB9855_AutoDXT_90C6324A4AF82591AE2162AC69D80D60_07_0000803F0000803F0000803F000000000000803F00000000000000000000803F00000000000000000200000001000100000000000101000000040000803FFFFFFFFF00000000FF00FF00FFFF8180803B, StartTime=2016.04.04-19.02.15, Duration=13.905566, RunGuid=RunIDE245E2D5412849D2DAB2D091690BE97E
DDCTransactionIdEA5C9A7D403B5777DB397D9654E1111A_44, PutCachedData=, CacheKey=TEXTURE_814DCC3DC72143F49509781513CB9855_AutoDXT_90C6324A4AF82591AE2162AC69D80__655971A9E45D400D5B23988339039B2547464615, StartTime=2016.04.04-19.02.15, HierarchicalDDC=, DataSize=822, Duration=5.185034, RunGuid=RunIDE245E2D5412849D2DAB2D091690BE97E
